<?xml version="1.0" encoding="UTF-8"?>
<!DOCTYPE suite SYSTEM "https://testng.org/testng-1.0.dtd">
<suite name="Suite">
	<listeners>
		<listener class-name="com.qa.ExtentReportListner.ExtentReportTestNgListner" />
	</listeners>
  <test thread-count="5" name="Test">
    <classes>
      <class name="com.qa.testcases.AddtoCartTest"/>
      <class name="com.qa.testcases.HomePageTest"/>
      <class name="com.qa.testcases.SignUpPageTest"/>
      <class name="com.qa.testcases.NewPaymentPage"/>
      <class name="tests.AppTest"/>
      <class name="com.qa.testcases.PaymentPageTest"/>
      <class name="com.qa.testcases.LoginPageTest"/>
    </classes>
  </test> <!-- Test -->
</suite> <!-- Suite -->
